
--Seed Data

--Authors
INSERT INTO [dbo].[Authors] ([ID],[Firstname],[Lastname],[Bio]) VALUES (1,'Spencer','Johnson','Nació el 24 de noviembre de 1938 en Mitchell, Dakota del Sur, Estados Unidos, en el seno de una familia de clase media y su infancia transcurrió en esta ciudad. En 1957 se gradúa en la \"Notre Dame High School\" de Sherman Oaks (California), en 1957 ingresa a la Universidad de California del Sur para estudiar psicología, recibiéndose en 1963. Tiempo después se trasladó a Irlanda para especializarse en el \"Royal College of Surgeons\". Ha sido director médico de Medtronic, la empresa que inventó los marca-pasos,e investigador para el Instituto de Estudios Interdisciplinarios, entre otros muchos puestos, y sus libros han aparecido en diversos medios, desde la CNN hasta publicaciones como USA Today o el New York Times. Ha sido traducido a más de veinte lenguas distintas. Johnson falleció el 3 de julio de 2017 como consecuencia de un cáncer de páncreas que padecía de hacía algún tiempo.');
INSERT INTO [dbo].[Authors] ([ID],[Firstname],[Lastname],[Bio]) VALUES (2,'Antoine','de Saint-Exupéry','Quedó huérfano de padre a la temprana edad de 4 años y se crio en el entorno femenino de una familia aristocrática de la ciudad de Lyon (donde su madre trabajaba como enfermera). Terminó el bachillerato en 1917, en el colegio marianista Villa Saint-Jean de Friburgo (Suiza) y, tras ser rechazado en la escuela naval, se hizo piloto cuando estaba cumpliendo el servicio militar en 1921, en Estrasburgo.');
INSERT INTO [dbo].[Authors] ([ID],[Firstname],[Lastname],[Bio]) VALUES (3,'Ernest','Hemingway','Ernest Miller Hemingway nació el 21 de julio de 1899 en Oak Park, Illinois, un suburbio de Chicago.1? Su padre, Clarence Edmonds Hemingway, era médico y su madre, Grace Hall Hemingway, era música. Ambos eran educados y muy respetados en la comunidad conservadora de Oak Park,2? una comunidad de la que Frank Lloyd Wright, uno de sus residentes, dijo: «Tantas iglesias para tanta buena gente».3? Durante algún tiempo tras su matrimonio,4? Clarence y Grace Hemingway vivieron con el padre de Grace, Ernest Hall, que dio nombre a su primer nieto.nota 1? Más tarde Ernest Hemingway diría que le desagradaba su nombre, que «asociaba con el héroe ingenuo, incluso absurdo, de La importancia de llamarse Ernesto, la obra de teatro de Oscar Wilde».5? La familia se mudó finalmente a una casa de siete habitaciones en un barrio respetable con un estudio de música para Grace y un consultorio médico para Clarence.');

--Books
INSERT INTO [dbo].[Books] ([ID],[Title],[Year],[Isbn],[Summary],[Price],[AuthorID]) VALUES (1,'Quien se ha llevado mi queso',1998,'9788495787095','Había una vez dos ratoncitos y dos hombrecillos que vivían en un laberinto.','300',1);
INSERT INTO [dbo].[Books] ([ID],[Title],[Year],[Isbn],[Summary],[Price],[AuthorID]) VALUES (2,'El principito',1943,'9788478886289','Viví así, solo, sin nadie con quien hablar verdaderamente, hasta que tuve una avería en el desierto del Sahara, hace seis años.','2100',2);
INSERT INTO [dbo].[Books] ([ID],[Title],[Year],[Isbn],[Summary],[Price],[AuthorID]) VALUES (3,'El viejo y el mar',1952,'9788499897677','En esta nueva y magistral traducción de Miguel Temprano García, El viejo y el mar recobra todo el esplendor del clásico imperecedero que le valió el Premio Pulitzer de 1953 a Ernest Hemingway.','1500',3);
INSERT INTO [dbo].[Books] ([ID],[Title],[Year],[Isbn],[Summary],[Price],[AuthorID]) VALUES (4,'Adios a las armas',2014,'9788490622827','Una inolvidable historia de amor entre una enfermera y un joven soldado idealista en la Italia de la I Guerra Mundial.','265',3);

--Pages
INSERT INTO [dbo].[Pages] ([ID],[PageNumber],[Content],[BookID]) VALUES (1,1,'Una manera sorprendente de afrontar el cambio en el trabajo y en la vida privada\nLos planes mejor trazados de los\nratones y de las personas, a menudo se tuercen\n ROBERT BURNS, 1759-1796\nLa vida no es un pasillo recto y fácil por el que\nviajamos libres y sin obstáculos, sino un laberinto de pasajes en el que debemos hallar nuestro\ncamino, perdidos y confundidos, una y otra vez\natrapados en un callejón sin salida.\nPero, si tenemos fe, Dios siempre nos abrirá una\npuerta que aunque tal vez no sea la que queríamos, al final será buena para nosotros.\nA. J. CRONIN\nLA HISTORIA QUE HAY DETRÁS DEL CUENTO\n(Kenneth Blanchard)\nMe encanta poder contaros \"la historia que hay detrás del cuento\" ¿Quién se ha llevado mi queso?, porque eso significa que el libro ya está escrito y todos podemos\nacercarnos a él para leerlo, disfrutarlo y comentarlo con los demás.\nEsto es algo que yo siempre había querido que ocurriera, desde la primera vez que\nSpencer Johnson, hace ya años, me contó su fantástica historia del \"queso\", antes\nde que escribiéramos juntos “El ejecutivo al minuto”. ',1);
INSERT INTO [dbo].[Pages] ([ID],[PageNumber],[Content],[BookID]) VALUES (2,2,'Recuerdo que pensé lo bueno que era el relato y lo útil que sería para mí desde\naquel momento. ¿Quién se ha llevado mi queso? es un cuento sobre el cambio que\ntiene lugar en un laberinto donde cuatro divertidos personajes buscan queso. El\nqueso es una metáfora de lo que uno quiere tener en la vida, ya sea un trabajo, una\nrelación amorosa, dinero, una gran casa, libertad, salud, reconocimiento, paz interior o incluso una actividad como correr o jugar al golf.\nCada uno de nosotros tiene su propia idea de lo que es el queso, y va tras él porque\ncree que le hace feliz. Si lo consigue, casi siempre se encariña con él. Y si lo pierde\no se lo quitan, la experiencia suele resultar traumática.\nEn el cuento, el \"laberinto\" representa el lugar donde pasas el tiempo en busca de lo\nque deseas. Puede ser la organización en la que trabajas, la comunidad en la que\nvives o las relaciones que mantienes en tu vida.\nEn mis charlas por todo el mundo narro la historia del queso y muchas veces la gente me dice lo mucho que les ha cambiado la vida.\nLo creas o no, este relato ha salvado carreras, matrimonios e incluso vidas.\nUno de los muchos ejemplos reales es el de Charlie Jones, el respetado locutor de la\ncadena televisiva NBC, quien confesó que escuchar el cuento ¿Quién se ha llevado\nmi queso? salvó su carrera.\nLo que ocurrió fue lo siguiente: Charlie se había esforzado mucho y hecho un buen\ntrabajo retransmitiendo las pruebas de atletismo de unos Juegos Olímpicos. Por eso,\ncuando su jefe le dijo que había sido apartado de esa especialidad deportiva y que\nen los siguientes Juegos tendría que encargarse de las retransmisiones de natación\ny saltos, se quedó muy sorprendido y se enfadó.\nComo no conocía tan bien esos deportes, se sintió frustrado. El hecho de que no\nreconocieran que había realizado una buena labor lo irritó. Le parecía injusto, y la\nira empezó a afectar todo lo que hacía. Entonces le contaron el cuento ¿Quién se ha\nllevado mi queso? Después de oírlo, se rió de sí mismo y cambió de actitud... Advirtió que lo único que había ocurrido era que su jefe \"le había movido el queso\", y se\nadaptó. Aprendió sobre esos dos nuevos deportes y, en el proceso, descubrió que\nhacer algo nuevo lo rejuvenecía.\nSu Jefe no tardó en reconocer su actitud y energía nuevas y en aumentar sus retribuciones. Disfrutó de más éxito que nunca y se hizo una excelente reputación como',1);
INSERT INTO [dbo].[Pages] ([ID],[PageNumber],[Content],[BookID]) VALUES (3,3,'comentarista. Esta es una de las innumerables historias reales que he oído acerca\ndel impacto que ha tenido este cuento en muchas personas, en todos los ámbitos de\nla vida, desde el profesional hasta el amoroso.\nTengo tanta fe en la fuerza de ¿Quién se ha llevado mi queso? que hace poco regalé\nun ejemplar de una edición previa del libro a todas las personas (unas 200) que\ntrabajan en nuestra empresa. ¿Por qué? Porque, como toda empresa que aspire no\nsólo a sobrevivir, sino a ser competitiva, Blanchard Training & Development está\ncambiando constantemente. Nos mueven \"el queso\" sin parar. Mientras que en el\npasado queríamos empleados leales, hoy necesitamos personas flexibles que no sean posesivas con \"la manera de hacer las cosas aquí\".\nY, como todos sabemos, vivir en una permanente catarata de cambios suele ser estresante, a menos que las personas tengan una manera de ver el cambio que las\nayude a comprenderlo. Y aquí es precisamente donde entra en acción el cuento del\n\"queso\".\nCuando les hablé a mis amigos del cuento y lo leyeron, casi noté que empezaban a\ndesprenderse de energía negativa. Una tras otra, todas las personas de la empresa\nse acercaron para darme las gracias por el libro y para decirme lo mucho que les\nhabía ayudado a contemplar desde una perspectiva diferente los cambios que se\nproducían en nuestra empresa.\nEsta breve parábola se lee en muy poco tiempo, pero su impacto puede ser muy\nprofundo.\nEl libro está dividido en tres partes.\nEn la primera, la reunión, unos antiguos compañeros de instituto hablan de cómo\nafrontan los cambios que se producen en sus respectivas vidas.\nLa segunda parte es el cuento en sí. El cuento: ¿Quién se ha llevado mi queso? y\nconstituye el núcleo del libro.\nEn la tercera parte, \"El debate\". La gente comenta lo que el cuento ha significado\npara ella y cómo va a utilizarlo en su trabajo y en su vida.\nAlgunos lectores del manuscrito prefirieron detenerse al final del cuento y no leer \"El\ndebate\", a fin de interpretar el significado por sí mismos. Otros disfrutaron leyéndolo porque les estimuló a pensar sobre cómo poner en práctica en su situación lo que\nles había enseñado el relato.',1);
INSERT INTO [dbo].[Pages] ([ID],[PageNumber],[Content],[BookID]) VALUES (4,4,'En cualquier caso, espero que cada vez que releas ¿Quién se ha llevado mi queso?\nencuentres algo nuevo y útil en el cuento, tal como me ocurre a mí y que eso te\nayude a afrontar el cambio y a tener éxito, sea lo que sea el éxito para ti.\nCon mis mejores deseos, espero que disfrutes con lo que encuentres. Ah, y recuerda: ¡muévete cuando se mueva el queso! ',1),(5,5,'La Reunión. (Chicago)\nEn Chicago, un soleado domingo, hombres y mujeres que habían ido juntos al instituto se reunieron para almorzar tras haber asistido a un acto oficial en el centro la\nnoche anterior.\nQuerían saber más cosas de la vida de sus ex compañeros de clase. Después de\nmuchas bromas y una gran comida, entablaron una interesante conversación. Ángela que había sido una de las personas más populares de la clase, dijo: -La vida ha\nseguido una trayectoria muy distinta de la que yo pensaba cuando íbamos al instituto. Han cambiado muchas cosas.\n-Es cierto, convino Nathan.\nLos demás sabían que Nathan había continuado con el negocio familiar, que funcionaba como siempre, y que desde que ellos recordaban estaba integrado en la comunidad.\nPor eso los sorprendió verlo preocupado.\n-Pero ¿habéis notado que cuando las cosas cambian nosotros no queremos cambiar?-prosiguió.\n-Creo que nos resistimos al cambio porque cambiar nos da miedo - apuntó Carlos.\n-Tú eras el capitán del equipo de fútbol, Carlos - dijo Jessica -Nunca hubiera pensado que algún día llegarías a hablar de miedo.\nTodos rieron al advertir que, aunque habían tomado direcciones distintas (desde ser\nama de casa hasta trabajar de ejecutivo en una empresa), experimentaban sensaciones similares.\nCada uno de ellos intentaba afrontar los cambios inesperados que se estaban produciendo en su vida en los últimos años. Y casi todos los asistentes admitieron que\nno habían encontrado una buena manera de hacerlo.\n-A mí también me daban miedo los cambios - intervino Michael -Cuando se produjo\nun gran cambio en nuestra empresa, no supimos qué hacer. Seguimos actuando\ncomo siempre y casi lo perdimos todo. Pero entonces me contaron un cuento que lo\ncambió todo.\n-¿En serio? -preguntó Nathan.\n-Sí. El cuento alteró la manera en que yo miraba los cambios, y a partir de ese momento las cosas mejoraron rápidamente... En mi trabajo y en mi vida. ',1),(6,1,'EL PRINCIPITO\nA. De Saint - Exupéry\nA Leon Werth:\nPido perdón a los niños por haber dedicado este libro a una persona mayor. Tengo una seria\nexcusa: esta persona mayor es el mejor amigo que tengo en el mundo. Tengo otra excusa: esta persona\nmayor es capaz de entenderlo todo, hasta los libros para niños. Tengo una tercera excusa: esta persona\nmayor vive en Francia, donde pasa hambre y frío. Verdaderamente necesita consuelo. Si todas esas\nexcusas no bastasen, bien puedo dedicar este libro al niño que una vez fue esta persona mayor. Todos\nlos mayores han sido primero niños. (Pero pocos lo recuerdan). Corrijo, pues, mi dedicatoria:\nA LEON WERTH\nCUANDO ERA NIÑO\nI\nCuando yo tenía seis años vi en un libro sobre la selva virgen que se titulaba \"Historias vividas\",\nuna magnífica lámina. Representaba una serpiente boa que se tragaba a una fiera.\nEn el libro se afirmaba: \"La serpiente boa se traga su presa entera, sin masticarla. Luego ya no\npuede moverse y duerme durante los seis meses que dura su digestión\".\nReflexioné mucho en ese momento sobre las aventuras de la jungla y a mi vez logré trazar con\nun lápiz de colores mi primer dibujo. Mi dibujo número 1 era de esta manera:\nEnseñé mi obra de arte a las personas mayores y les pregunté si mi dibujo les daba miedo.\n—¿por qué habría de asustar un sombrero?— me respondieron.\nMi dibujo no representaba un sombrero. Representaba una serpiente boa que digiere un elefante.\nDibujé entonces el interior de la serpiente boa a fin de que las personas mayores pudieran comprender.\nSiempre estas personas tienen necesidad de explicaciones. Mi dibujo número 2 era así:\nLas personas mayores me aconsejaron abandonar el dibujo de serpientes boas, ya fueran\nabiertas o cerradas, y poner más interés en la geografía, la historia, el cálculo y la gramática. De esta\nmanera a la edad de seis años abandoné una magnífica carrera de pintor. Había quedado desilusionado\npor el fracaso de mis dibujos número 1 y número 2. Las personas mayores nunca pueden comprender\nalgo por sí solas y es muy aburrido para los niños tener que darles una y otra vez explicaciones.\nTuve, pues, que elegir otro oficio y aprendía pilotear aviones. He volado un poco por todo el\nmundo y la geografía, en efecto, me ha servido de mucho; al primer vistazo podía distinguir\nperfectamente la China de Arizona. Esto es muy útil, sobre todo si se pierde uno durante la noche',2),(7,2,'A lo largo de mi vida he tenido multitud de contactos con multitud de gente seria. Viví mucho con\npersonas mayores y las he conocido muy de cerca; pero esto no ha mejorado demasiado mi opinión\nsobre ellas.\nCuando me he encontrado con alguien que me parecía un poco lúcido, lo he sometido a la\nexperiencia de mi dibujo número 1 que he conservado siempre. Quería saber si verdaderamente era un\nser comprensivo. E invariablemente me contestaban siempre: \"Es un sombrero\". Me abstenía de\nhablarles de la serpiente boa, de la selva virgen y de las estrellas. Poniéndome a su altura, les hablaba\ndel bridge, del golf, de política y de corbatas. Y mi interlocutor se quedaba muy contento de conocer a un\nhombre tan razonable.\nII\nViví así, solo, nadie con quien poder hablar verdaderamente, hasta cuando hace seis años tuve\nuna avería en el desierto de Sahara. Algo se había estropeado en el motor. Como no llevaba conmigo ni\nmecánico ni pasajero alguno, me dispuse a realizar, yo solo, una reparación difícil. Era para mí una\ncuestión de vida o muerte, pues apenas tenía agua de beber para ocho días.\nLa primera noche me dormí sobre la arena, a unas mil millas de distancia del lugar habitado más\npróximo. Estaba más aislado que un náufrago en una balsa en medio del océano. Imagínense, pues, mi\nsorpresa cuando al amanecer me despertó una extraña vocecita que decía:\n— ¡Por favor... píntame un cordero!\n—¿Eh?\n—¡Píntame un cordero!\nMe puse en pie de un salto como herido por el rayo. Me froté los ojos. Miré a mi alrededor. Vi a\nun extraordinario muchachito que me miraba gravemente. Ahí tienen el mejor retrato que más tarde logré\nhacer de él, aunque mi dibujo, ciertamente es menos encantador que el modelo. Pero no es mía la culpa.\nLas personas mayores me desanimaron de mi carrera de pintor a la edad de seis años y no había\naprendido a dibujar otra cosa que boas cerradas y boas abiertas.\nMiré, pues, aquella aparición con los ojos redondos de admiración. No hay que olvidar que me\nencontraba a unas mil millas de distancia del lugar habitado más próximo. Y ahora bien, el muchachito no\nme parecía ni perdido, ni muerto de cansancio, de hambre, de sed o de miedo. No tenía en absoluto la\napariencia de un niño perdido en el desierto, a mil millas de distancia del lugar habitado más próximo.\nCuando logré, por fin, articular palabra, le dije:\n— Pero… ¿qué haces tú por aquí? ',2),(8,3,'Y él respondió entonces, suavemente, como algo muy importante:\n—¡Por favor… píntame un cordero!\nCuando el misterio es demasiado impresionante, es imposible desobedecer. Por absurdo que\naquello me pareciera, a mil millas de distancia de todo lugar habitado y en peligro de muerte, saqué de mi\nbolsillo una hoja de papel y una pluma fuente. Recordé que yo había estudiado especialmente geografía,\nhistoria, cálculo y gramática y le dije al muchachito (ya un poco malhumorado), que no sabía dibujar.\n—¡No importa —me respondió—, píntame un cordero!\nComo nunca había dibujado un cordero, rehice para él uno de los dos únicos dibujos que yo era\ncapaz de realizar: el de la serpiente boa cerrada. Y quedé estupefacto cuando oí decir al hombrecito:\n— ¡No, no! Yo no quiero un elefante en una serpiente. La serpiente es muy peligrosa y el elefante\nocupa mucho sitio. En mi tierra es todo muy pequeño. Necesito un cordero. Píntame un cordero.\nDibujé un cordero. Lo miró atentamente y dijo:\n—¡No! Este está ya muy enfermo. Haz otro.\nVolví a dibujar.\nMi amigo sonrió dulcemente, con indulgencia.\n—¿Ves? Esto no es un cordero, es un carnero. Tiene Cuernos…\nRehice nuevamente mi dibujo: fue rechazado igual que los anteriores.\n—Este es demasiado viejo. Quiero un cordero que viva mucho tiempo.\nFalto ya de paciencia y deseoso de comenzar a desmontar el motor, garrapateé rápidamente este\ndibujo, se lo enseñé, y le agregué:',2),(9,4,'—Esta es la caja. El cordero que quieres está adentro. Con gran sorpresa mía el rostro de mi\njoven juez se iluminó:\n—¡Así es como yo lo quería! ¿Crees que sea necesario mucha hierba para este cordero?\n—¿Por qué?\n—Porque en mi tierra es todo tan pequeño…\nSe inclinó hacia el dibujo y exclamó:\n—¡Bueno, no tan pequeño…! Está dormido…\nY así fue como conocí al principito.\nIII\nMe costó mucho tiempo comprender de dónde venía. El principito, que me hacía muchas\npreguntas, jamás parecía oír las mías. Fueron palabras pronunciadas al azar, las que poco a poco me\nrevelaron todo. Así, cuando distinguió por vez primera mi avión (no dibujaré mi avión, por tratarse de un\ndibujo demasiado complicado para mí) me preguntó:\n—¿Qué cosa es esa? —Eso no es una cosa. Eso vuela. Es un avión, mi avión.\nMe sentía orgulloso al decirle que volaba. El entonces grit ó:\n—¡Cómo! ¿Has caído del cielo? —Sí —le dije modestamente. —¡Ah, que curioso!\nY el principito lanzó una graciosa carcajada que me irritó mucho. Me gusta que mis desgracias se\ntomen en serio. Y añadió:\n—Entonces ¿tú también vienes del cielo? ¿De qué planeta eres tú?\nDivisé una luz en el misterio de su presencia y le pregunté bruscamente:\n—¿Tu vienes, pues, de otro planeta?\nPero no me respondió; movía lentamente la cabeza mirando detenidamente mi avión.\n—Es cierto, que, encima de eso, no puedes venir de muy lejos…\nY se hundió en un ensueño durante largo tiempo. Luego sacando de su bolsillo mi cordero se\nabismó en la contemplación de su tesoro.\nImagínense cómo me intrigó esta semiconfidencia sobre los otros planetas. Me esforcé, pues, en\nsaber algo más:\n—¿De dónde vienes, muchachito? ¿Dónde está \"tu casa\"? ¿Dónde quieres llevarte mi cordero?\nDespués de meditar silenciosamente me respondió:\n—Lo bueno de la caja que me has dado es que por la noche le servirá de casa. —Sin duda. Y si\neres bueno te daré también una cuerda y una estaca para atarlo durante el día.\nEsta proposición pareció chocar al principito.\n—¿Atarlo? ¡Qué idea más rara! —Si no lo atas, se irá quién sabe dónde y se perderá…',2),(10,5,'Mi amigo soltó una nueva carcajada.\n—¿Y dónde quieres que vaya? —No sé, a cualquier parte. Derecho camino adelante…\nEntonces el principito señaló con gravedad:\n—¡No importa, es tan pequeña mi tierra!\nY agregó, quizás, con un poco de melancolía:\n—Derecho, camino adelante… no se puede ir muy lejos.\nIV\nDe esta manera supe una segunda cosa muy importante: su planeta de origen era apenas más\ngrande que una casa.\nEsto no podía asombrarme mucho. Sabía muy bien que aparte de los grandes planetas como la\nTierra, Júpiter, Marte, Venus, a los cuales se les ha dado nombre, existen otros centenares de ellos tan\npequeños a veces, que es difícil distinguirlos aun con la ayuda del telescopio. Cuando un astrónomo\ndescubre uno de estos planetas, le da por nombre un número. Le llama, por ejemplo, \"el asteroide 3251\".\nTengo poderosas razones para creer que el planeta del cual venía el principito era el asteroide B\n612. Este asteroide ha sido visto sólo una vez con el telescopio en 1909, por un astrónomo turco.\nEste astrónomo hizo una gran demostración de su descubrimiento en un congreso Internacional\nde Astronomía. Pero nadie le creyó a causa de su manera de vestir. Las personas mayores son así.\nFelizmente para la reputación del asteroide B 612, un dictador turco impuso a su pueblo, bajo pena de\nmuerte, el vestido a la europea. Entonces el astrónomo volvió a dar cuenta de su descubrimiento en 1920\ny como lucía un traje muy elegante, todo el mundo aceptó su demostración.\nSi les he contado de todos estos detalles sobre el asteroide B 612 y hasta les he confiado su\nnúmero, es por consideración a las personas mayores. A los mayores les gustan las cifras. Cuando se les\nhabla de un nuevo amigo, jamás preguntan sobre lo esencial del mismo. Nunca se les ocurre preguntar:\n\"¿Qué tono tiene su voz? ¿Qué juegos prefiere? ¿Le gusta coleccionar mariposas?\" Pero en cambio\npreguntan: \"¿Qué edad tiene? ¿Cuántos hermanos? ¿Cuánto pesa? ¿Cuánto gana su padre?\"\nSolamente con estos detalles creen conocerle. Si les decimos a las personas mayores: \"He visto una\ncasa preciosa de ladrillo rosa, con geranios en las ventanas y palomas en el tejado\", jamás llegarán a\nimaginarse cómo es esa casa. Es preciso decirles: \"He visto una casa que vale cien mil pesos\". Entonces\nexclaman entusiasmados: \"¡Oh, qué preciosa es!\"\nDe tal manera, si les decimos: \"La prueba de que el principito ha existido está en que era un\nmuchachito encantador, que reía y quería un cordero. Querer un cordero es prueba de que se existe\", las\npersonas mayores se encogerán de hombros y nos dirán que somos unos niños. Pero si les decimos: \"el\nplaneta de donde venía el principito era el asteroide B 612\", quedarán convencidas y no se preocuparán\nde hacer más preguntas. Son así. No hay por qué guardarles rencor. Los niños deben ser muy\nindulgentes con las personas mayores.\nPero nosotros, que sabemos comprender la vida, nos burlamos tranquilamente de los números. A\nmí me habría gustado más comenzar esta historia a la manera de los cuentos de hadas. Me habría\ngustado decir:\n\"Era una vez un principito que habitaba un planeta apenas más grande que él y que tenía\nnecesidad de un amigo…\" Para aquellos que comprenden la vida, esto hubiera parecido más real.\nPorque no me gusta que mi libro sea tomado a la ligera. Siento tanta pena al contar estos\nrecuerdos. Hace ya seis años que mi amigo se fue con su cordero. Y si intento describirlo aquí es sólo\ncon el fin de no olvidarlo. Es muy triste olvidar a un amigo. No todos han tenido un amigo. Y yo puedo\nllegar a ser como las personas mayores, que sólo se interesan por las cifras. Para evitar esto he\ncomprado una caja de lápices de colores. ¡Es muy duro, a mi edad, ponerse a aprender a dibujar, cuando\nen toda la vida no se ha hecho otra tentativa que la de una boa abierta y una boa cerrada a la edad de',2),(11,6,'seis años! Ciertamente que yo trataré de hacer retratos lo más parecido posibles, pero no estoy muy\nseguro de lograrlo. Uno saldrá bien y otro no tiene parecido alguno. En las proporciones me equivoco\ntambién un poco. Aquí el principito es demasiado grande y allá es demasiado pequeño. Dudo también\nsobre el color de su traje. Titubeo sobre esto y lo otro y unas veces sale bien y otras mal. Es posible, en\nfin, que me equivoque sobre ciertos detalles muy importantes. Pero habrá que perdonármelo ya que mi\namigo no me daba nunca muchas explicaciones. Me creía semejante a sí mismo y yo, desgraciadamente,\nno sé ver un cordero a través de una caja. Es posible que yo sea un poco como las personas mayores.\nHe debido envejecer.\nV\nCada día yo aprendía algo nuevo sobre el planeta, sobre la partida y sobre el viaje. Esto venía\nsuavemente al azar de las reflexiones. De esta manera tuve conocimiento al tercer día, del drama de los\nbaobabs.\nFue también gracias al cordero y como preocupado por una profunda duda, cuando el principito\nme preguntó:\n—¿Es verdad que los corderos se comen los arbustos?\n—Sí, es cierto.\n—¡Ah, qué contesto estoy!\nNo comprendí por qué era tan importante para él que los corderos se comieran los arbustos. Pero\nel principito añadió:\n—Entonces se comen también los Baobabs.\nLe hice comprender al principito que los baobabs no son arbustos, sino árboles tan grandes como\niglesias y que incluso si llevase consigo todo un rebaño de elefantes, el rebaño no lograría acabar con un\nsolo baobab.\nEsta idea del rebaño de elefantes hizo reír al principito.\n—Habría que poner los elefantes unos sobre otros…\nY luego añadió juiciosamente:\n—Los baobabs, antes de crecer, son muy pequeñitos.\n—Es cierto. Pero ¿por qué quieres que tus corderos coman los baobabs?\nMe contestó: \"¡Bueno! ¡Vamos!\" como si hablara de una evidencia. Me fue necesario un gran\nesfuerzo de inteligencia para comprender por mí mismo este problema.\nEn efecto, en el planeta del principito había, como en todos los planetas, hierbas buenas y\nhierbas malas. Por consiguiente, de buenas semillas salían buenas hierbas y de las semillas malas,\nhierbas malas. Pero las semillas son invisibles; duermen en el secreto de la tierra, hasta que un buen día\nuna de ellas tiene la fantasía de despertarse. Entonces se alarga extendiendo hacia el sol, primero\ntímidamente, una encantadora ramita inofensiva. Si se trata de una ramita de rábano o de rosal, se la\npuede dejar que crezca como quiera. Pero si se trata de una mala hierba, es preciso arrancarla\ninmediatamente en cuanto uno ha sabido reconocerla. En el planeta del principito había semillas\nterribles… como las semillas del baobab. El suelo del planeta está infestado de ellas. Si un baobab no se\narranca a tiempo, no hay manera de desembarazarse de él más tarde; cubre todo el planeta y lo perfora\ncon sus raíces. Y si el planeta es demasiado pequeño y los baobabs son numerosos, lo hacen estallar.\n\"Es una cuestión de disciplina, me decía más tarde el principito. Cuando por la mañana uno\ntermina de arreglarse, hay que hacer cuidadosamente la limpieza del planeta. Hay que dedicarse\nregularmente a arrancar los baobabs, cuando se les distingue de los rosales, a los cuales se parecen\nmucho cuando son pequeñitos. Es un trabajo muy fastidioso pero muy fácil\".',2),(12,1,'Era un viejo que pescaba solo en un bote en la corriente del Golfo y hacía\nochenta y cuatro días que no cogía un pez. En los primeros cuarenta días había\ntenido consigo a un muchacho. Pero después de cuarenta días sin haber\npescado, los padres del muchacho le habían dicho que el viejo estaba\ndefinitiva y rematadamente salao, lo cual era la peor forma de la mala suerte; y\npor orden de sus padres, el muchacho había salido en otro bote, que cogió tres\nbuenos peces la primera semana. Entristecía al muchacho ver al viejo regresar\ntodos los días con su bote vacío, y siempre bajaba a ayudarle a cargar los\nrollos de sedal o el bichero y el arpón y la vela arrollada al mástil. La vela\nestaba remendada con sacos de harina y, arrollada, parecía una bandera en\npermanente derrota.\nEl viejo era flaco y desgarbado, con arrugas profundas en la parte posterior\ndel cuello. Las pardas manchas del benigno cáncer de la piel que el sol\nproduce con sus reflejos en el mar tropical, estaban en sus mejillas. Estas\npecas corrían por los lados de su cara hasta bastante abajo, y sus manos tenían\nlas hondas cicatrices que causa la manipulación de las cuerdas cuando sujetan\nlos grandes peces. Pero ninguna de estas cicatrices era reciente. Eran tan viejas\ncomo las erosiones de un árido desierto.\nTodo en él era viejo, salvo sus ojos; y éstos tenían el color mismo del mar\ny eran alegres e invictos.\n—Santiago —le dijo el muchacho trepando por la orilla desde donde\nquedaba varado el bote—. Yo podría volver con usted. Hemos hecho algún\ndinero.\nEl viejo había enseñado al muchacho a pescar, y el muchacho le tenía\ncariño.\n—No —dijo el viejo—. Tú sales en un bote que tiene buena suerte. Sigue\ncon ellos.\n—Pero recuerde que una vez llevaba ochenta y siete días sin pescar nada y\nluego cogimos peces grandes todos los días durante tres semanas.\n—Lo recuerdo —dijo el viejo—, y yo sé que no me dejaste porque\nhubieses perdido la esperanza.\n—Fue papá quien me obligó. Soy un chiquillo y tengo que obedecerlo.\n—Lo sé —dijo el viejo—. Es completamente normal.\n—Papá no tiene mucha fe.\n—No. Pero nosotros, sí, ¿verdad?\n—Sí —dijo el muchacho—. ¿Me permite brindarle una cerveza en La',3),(13,3,'Terraza? Luego llevaremos las cosas a casa.\n—¿Por qué no? —dijo el viejo—. Entre pescadores.\nSe sentaron en La Terraza. Muchos de los pescadores se reían del viejo,\npero él no se molestaba. Otros, entre los más viejos, lo miraban y se ponían\ntristes. Pero no lo manifestaban y se referían cortésmente a la corriente y a las\nhondonadas donde habían tendido sus sedales, al continuo buen tiempo y a los\nque habían visto. Los pescadores que aquel día habían tenido éxito habían\nllegado y habían limpiado sus agujas y las llevaban tendidas sobre dos tablas\n—dos hombres tambaleándose al extremo de cada tabla— a la pescadería,\ndonde esperaban a que el camión del hielo las llevara al mercado, a La\nHabana. Los que habían pescado tiburones los habían llevado a la factoría de\ntiburones al otro lado de la ensenada, donde eran izados en aparejos de polea;\nles sacaban los hígados, les cortaban las aletas y los desollaban y cortaban su\ncarne en trozos para salarla.\nCuando el viento soplaba del Este, el hedor se extendía a través del puerto,\nprocedente de la fábrica tiburonera; pero hoy no se notaba más que un débil\ntufo porque el viento había vuelto al Norte y luego había dejado de soplar. Era\nagradable estar allí, al sol, en La Terraza.\n—Santiago —dijo el muchacho.\n—¿Qué? —respondió el viejo. Con el vaso en la mano pensaba en las\ncosas de hacía muchos años.\n—¿Puedo ir a buscarle sardinas para mañana?\n—No. Ve a jugar al béisbol. Todavía puedo remar, y Rogelio tirará la\natarraya.\n—Me gustaría ir. Si no puedo pescar con usted, me gustaría servirlo de\nalguna manera.\n—Me has pagado una cerveza —dijo el viejo—. Ya eres un hombre.\n—¿Qué edad tenía yo cuando usted me llevó por primera vez en un bote?\n—Cinco años. Y por poco pierdes la vida cuando subí aquel pez demasiado\nvivo que estuvo a punto de destrozar el bote. ¿Te acuerdas?\n—Recuerdo cómo brincaba y pegaba coletazos, y que el banco se rompía,\ny el ruido de los garrotazos. Recuerdo que usted me arrojó a la proa, donde\nestaban los sedales mojados y enrollados. Y recuerdo que todo el bote se\nestremecía, y el estrépito que usted armaba dándole garrotazos como si talara\nun árbol, y el pegajoso olor a sangre que me envolvía.\n—¿Lo recuerdas realmente o es que yo te lo he contado?\n—Lo recuerdo todo, desde la primera vez que salimos juntos.\nEl viejo lo miró con sus amorosos y confiados ojos quemados por el sol.\n—Si fueras hijo mío, me arriesgaría a llevarte —dijo—. Pero tú eres de tu\npadre y de tu madre, y trabajas en un bote que tiene suerte.\n—¿Puedo ir a buscarle las sardinas? También sé dónde conseguir cuatro\ncarnadas.\n—Tengo las mías, que me han sobrado de hoy. Las puse en sal en la caja.\n—Déjeme traerle cuatro cebos frescos.\n—Uno —dijo el viejo. Su fe y su esperanza no le habían fallado nunca.\nPero ahora empezaban a revigorizarse como cuando se levanta la brisa.\n—Dos —dijo el muchacho.\n—Dos —aceptó el viejo—. ¿No los has robado?\n—Lo hubiera hecho —dijo el muchacho—. Pero estos los compré.\n—Gracias —dijo el viejo. Era demasiado simple para preguntarse cuándo\nhabía alcanzado la humildad. Pero sabía que la había alcanzado y sabía que no\nera vergonzoso y que no comportaba pérdida del orgullo verdadero.\n—Con esta brisa ligera, mañana va a hacer buen día —dijo.\n—¿A dónde piensa ir? —le preguntó el muchacho.\n—Saldré lejos para regresar cuando cambie el viento. Quiero estar fuera\nantes que sea de día.\n—Voy a hacer que mi patrón salga lejos a trabajar —dijo el muchacho—.\nSi usted engancha algo realmente grande, podremos ayudarle.\n—A tu patrón no le gusta salir demasiado lejos.\n—No —dijo el muchacho—, pero yo veré algo que él no podrá ver: un ave\ntrabajando, por ejemplo. Así haré que salga siguiendo a los dorados.\n—¿Tan mala tiene la vista?\n—Está casi ciego.\n—Es extraño —dijo el viejo—. Jamás ha ido a la pesca de tortugas. Eso es\nlo que mata los ojos.\n—Pero usted ha ido a la pesca de tortugas durante varios años, por la costa\nde los Mosquitos, y tiene buena vista.\n—Yo soy un viejo extraño.\n—Pero, ¿ahora se siente bastante fuerte como para un pez realmente',3),(14,4,'grande?\n—Creo que sí. Y hay muchos trucos.\n—Vamos a llevar las cosas a casa —dijo el muchacho—. Luego cogeré la\natarraya y me iré a buscar las sardinas.\nRecogieron el aparejo del bote. El viejo se echó el mástil al hombro y el\nmuchacho cargó la caja de madera de los enrollados sedales pardos de\napretada malla, el bichero y el arpón con su mango. La caja de las carnadas\nestaba bajo la popa, junto a la porra que usaba para rematar a los peces\ngrandes cuando los arrimaba al bote. Nadie sería capaz de robarle nada al\nviejo; pero era mejor llevar la vela y los sedales gruesos, puesto que el rolo los\ndañaba, y aunque estaba seguro de que ninguno de la localidad le robaría nada,\nel viejo pensaba que el arpón y el bichero eran tentaciones, y que no había por\nqué dejarlos en el bote.\nMarcharon juntos camino arriba hasta la cabaña del viejo y entraron; la\npuerta estaba abierta. El viejo inclinó el mástil con su vela arrollada contra la\npared y el muchacho puso la caja y el resto del aparejo junto a él. El mástil era\ncasi tan largo como la habitación única de la choza. Esta última estaba hecha\nde las recias pencas de la palma real que llaman guano, y había una cama, una\nmesa, una silla y un lugar en el piso de tierra para cocinar con carbón. En las\nparedes, de pardas, aplastadas y superpuestas hojas de guano de resistente\nfibra, había una imagen en colores del Sagrado Corazón de Jesús y otra de la\nVirgen del Cobre. Éstas eran reliquias de su esposa. En otro tiempo había\nhabido una desvaída foto de su esposa en la pared, pero la había quitado\nporque le hacía sentirse demasiado solo el verla, y ahora estaba en el estante\ndel rincón, bajo su camisa limpia.\n—¿Qué tiene para comer? —preguntó el muchacho.\n—Una cazuela de arroz amarillo con pescado. ¿Quieres un poco?\n—No. Comeré en casa. ¿Quiere que le encienda la candela?\n—No. Yo la encenderé luego. O quizás coma el arroz frío.\n—¿Puedo llevarme la atarraya?\n—Desde luego.\nNo había ninguna atarraya. El muchacho recordaba que la habían vendido.\nPero todos los días pasaban por esta ficción. No había ninguna cazuela de\narroz amarillo con pescado, y el muchacho lo sabía igualmente.\n—El ochenta y cinco es un número de suerte —dijo el viejo—. ¿Qué te\nparece si me vieras volver con un pez que, en canal, pesara más de mil libras?\n—Voy a coger la atarraya y saldré a pescar las sardinas. ¿Se quedará',3),(15,5,'sentado al sol, a la puerta?\n—Sí. Tengo ahí el periódico de ayer y voy a leer los resultados de los\npartidos de béisbol.\nEl muchacho se preguntó si el «periódico de ayer» no sería también una\nficción. Pero el viejo lo sacó de debajo de la cama.\n—Perico me lo dio en la bodega —explicó.\n—Volveré cuando haya cogido las sardinas. Guardaré las suyas junto con\nlas mías en el hielo y por la mañana nos las repartiremos. Cuando yo vuelva,\nme contará lo del béisbol.\n—Los Yankees de Nueva York no pueden perder.\n—Pero yo les tengo miedo a los Indios de Cleveland.\n—Ten fe en los Yankees de Nueva York, hijo, piensa en el gran DiMaggio.\n—Les tengo miedo a los Tigres de Detroit y a los Indios de Cleveland.\n—Ten cuidado, no vayas a tenerles miedo también a los Rojos de\nCincinnatti y a los White Sox de Chicago.\n—Usted estudia eso y me lo cuenta cuando vuelva.\n—¿Crees que debiéramos comprar unos billetes de la lotería que terminen\nen un ochenta y cinco? Mañana hace el día ochenta y cinco.\n—Podemos hacerlo —dijo el muchacho—. Pero, ¿qué me dice de su gran\nrécord, el ochenta y siete?\n—No podría suceder dos veces. ¿Crees que puedas encontrar un ochenta y\ncinco?\n—Puedo pedirlo.\n—Un billete entero. Eso hace dos pesos y medio. ¿Quién podría\nprestárnoslos?\n—Eso es fácil. Yo siempre encuentro quien me preste dos pesos y medio.\n—Creo que yo también. Pero trato de no pedir prestado. Primero pides\nprestado; luego pides limosna.\n—Abríguese, viejo —dijo el muchacho—. Recuerde que estamos en\nseptiembre.\n—El mes en que vienen los grandes peces —dijo el viejo—. En mayo\ncualquiera es pescador.\n—Ahora voy por las sardinas —dijo el muchacho.',3),(16,6,'Cuando volvió el muchacho, el viejo estaba dormido en la silla. El sol se\nestaba poniendo. El muchacho cogió de la cama la frazada del viejo y se la\nechó sobre los hombros. Eran unos hombros extraños, todavía poderosos,\naunque muy viejos, y el cuello era también fuerte todavía, y las arrugas no se\nveían tanto cuando el viejo estaba dormido y con la cabeza derribada hacia\nadelante. Su camisa había sido remendada tantas veces que estaba como la\nvela; y los remiendos, descoloridos por el sol, eran de varios tonos. La cabeza\ndel hombre era, sin embargo, muy vieja y con sus ojos cerrados no había vida\nen su rostro. El periódico yacía sobre sus rodillas y el peso de sus brazos lo\nsujetaba allí contra la brisa del atardecer. Estaba descalzo.\nEl muchacho lo dejó allí, y cuando volvió, el viejo estaba todavía dormido.\n—Despierte, viejo —dijo el muchacho, y puso su mano en una de las\nrodillas de éste.\nEl viejo abrió los ojos y por un momento fue como si regresara de muy\nlejos. Luego sonrió.\n—¿Qué traes? —preguntó.\n—La comida —dijo el muchacho—. Vamos a comer.\n—No tengo mucha hambre.\n—Vamos, venga a comer. No puede pescar sin comer.\n—Habrá que hacerlo —dijo el viejo, levantándose y cogiendo el periódico\ny doblándolo. Luego empezó a doblar la frazada.\n—No se quite la frazada —dijo el muchacho—. Mientras yo viva, usted no\nsaldrá a pescar sin comer.\n—Entonces vive mucho tiempo, y cuídate —dijo el viejo—. ¿Qué vamos a\ncomer?\n—Frijoles negros con arroz, plátanos fritos y un poco de asado.\nEl muchacho lo había traído de La Terraza en una cantina. Traía en el\nbolsillo dos juegos de cubiertos, cada uno envuelto en una servilleta de papel.\n—¿Quién te ha dado esto?\n—Martín. El dueño.\n—Tengo que darle las gracias.\n—Ya yo se las he dado —dijo el muchacho—. No tiene que dárselas usted.\n—Le daré la ventrecha de un gran pescado —dijo el viejo—. ¿Ha hecho\nesto por nosotros más de una vez?',3),(17,7,'—Creo que sí.\n—Entonces tendré que darle más que la ventrecha. Es muy considerado\ncon nosotros.\n—Mandó dos cervezas.\n—Me gusta más la cerveza en lata.\n—Lo sé. Pero esta es en botella. Cerveza Hatuey. Y yo devuelvo las\nbotellas.\n—Muy amable de tu parte —dijo el viejo—. ¿Comemos?\n—Es lo que yo proponía —le dijo el muchacho—. No he querido abrir la\ncantina hasta que estuviera usted listo.\n—Ya estoy listo —dijo el viejo—. Sólo necesitaba tiempo para lavarme.\n«¿Dónde se lava?», pensó el muchacho. El pozo del pueblo estaba a dos\ncuadras de distancia, camino abajo. «Debí de haberle traído agua —pensó el\nmuchacho—, y jabón, y una buena toalla. ¿Por qué seré tan desconsiderado?\nTengo que conseguirle otra camisa y un yáquet para el invierno, y alguna clase\nde zapatos, y otra frazada».\n—Tu asado es excelente —dijo el viejo.\n—Hábleme de béisbol —le pidió el muchacho.\n—En la Liga Americana, como te dije, los Yankees —dijo el viejo muy\ncontento.\n—Hoy perdieron —le dijo el muchacho.\n—Eso no significa nada. El gran DiMaggio vuelve a ser lo que era.\n—Tienen otros hombres en el equipo.\n—Naturalmente. Pero con él la cosa es diferente. En la otra liga, entre el\nBrooklyn y el Filadelfia, tengo que quedarme con el Brooklyn. Pero luego\npienso en Dick Sisler y en aquellos lineazos suyos en el viejo parque.\n—Nunca hubo nada como ellos. Jamás he visto a nadie mandar la pelota\ntan lejos.\n—¿Recuerdas cuando venía a La Terraza? Yo quería llevarlo a pescar, pero\nera demasiado tímido para proponérselo. Luego te pedí a ti que se lo\npropusieras, y tú eras también demasiado tímido.\n—Lo sé. Fue un gran error. Pudo haber ido con nosotros. Luego eso nos\nhubiera quedado para toda la vida.\n—Me hubiese gustado llevar a pescar al gran DiMaggio —dijo el viejo—.',3),(18,1,'PRIMERA PARTE CAPÍTULO PRIMERO\nAquel año, al final del verano, vivíamos en una casa de un pueblo que, más allá del río y de la llanura, miraba a las montañas. En el lecho del río había piedrezuelas y guijarros, blancos bajo el sol, y el agua era clara y fluía, rápida y azul, por la co- rriente. Las tropas pasaban por delante de la casa y se alejaban por el camino, y el polvo que levantaban cubría las hojas de los árboles. Los troncos también estaban polvorientos y, aquel año en que las hojas habían caído tempranamente, veíamos cómo las tropas pasaban por el camino, el polvo que levantaban; la caída de las hojas, arrancadas por el viento; los soldados que pasaban, y de nuevo, bajo las hojas, el camino solitario y blanco.\nLa llanura estaba cubierta de cosechas. Había muchos vergeles y, en el horizonte, las montañas se destacaban pardas y desnudas. En ellas, todavía se combatía y, al atardecer, veíamos los relámpagos de verano; sin embargo, las noches eran frescas y no se tenía la impresión de que amenazara tempestad. Algunas veces, en la oscuridad, regimientos y camiones arrastrados por tractores pasaban bajo nuestras ventanas. Durante la noche el movimiento era intenso. Por el camino pasaban gran cantidad de mulos, llevando a cada lado cajas de municiones en sus albardas, y camiones que transportaban soldados; y en todo este ir y venir otros camiones cubiertos por un toldo circulaban más lentamente. También pasaban durante el día, arrastrados por tractores, grandes cañones. Estaban totalmente recubiertos de ramas verdes; pámpanos y un espeso follaje cubrían igualmente los tractores. Al norte, en el fondo del valle, podíamos ver un bosque de castaños y, detrás, otra montaña, a nuestro lado del río. También se luchaba en esta montaña, pero sin resultado, y en otoño, cuando aparecieron las lluvias, las hojas de los cas- taños empezaron a caer y no se vio nada más que ramas desnudas y troncos ennegrecidos por la lluvia. Los viñedos aparecían completamente desnudos, y todo estaba húmedo y pardo, aniquilado por el otoño. La niebla se levantaba sobre el río y las nubes cubrían las montañas, y los camiones hacían saltar el barro sobre el camino, y los soldados, bajo sus capotes, estaban empapados y cubiertos por el lodo. Sus fusiles también estaban mojados y, bajo sus uniformes, llevaban dos cartucheras de cuero, colgadas a sus cinturones, y estas bolsas de piel gris repletas',4),(19,2,'de cargadores de largos y delgados cartuchos de 6,5 milímetros, hinchaban hasta tal punto sus capotes, que todos estos soldados que pasaban a lo largo del camino parecían estar embarazados de seis meses.\nPequeños vehículos circulaban a gran velocidad. Muchas veces un oficial iba sentado al lado del chofer y otras en el asiento posterior. Estos coches levantaban más barro que los camiones, y si uno de los oficiales de detrás era pequeño, tan pequeño que sólo se le podía divisar el casco, y estaba sentado entre dos generales y su espalda era estrecha, y si el vehículo corría a toda velocidad, entonces había muchas posibilidades de que fuese el rey. Este residía en Udine y circulaba de este modo casi cada día para ver cómo iban las cosas. Y las cosas iban muy mal.\nAl llegar el invierno, una lluvia persistente empezó a caer, y la lluvia trajo el cólera. Finalmente fue contenido y, a fin de cuentas, sólo ocasionó siete mil muertos en el ejército.\n\nCAPÍTULO II\n\nEl año siguiente reportó numerosas victorias. Fueron conquistadas las montañas que estaban al fondo del valle, y la colina, con su bosque de castaños. Las victorias se repitieron más allá de la llanura, al sur de la meseta, y en agosto pudimos atravesar el río y alojarnos en una casa de Goritzia, en donde había una fuente, y un jardín, con frondosos árboles, cercado por un muro, y una glicina malva junto a la casa. Ahora se combatía en las montañas vecinas, situadas a menos de una milla. La ciudad era bonita y nuestra casa muy agradable. Por detrás pasaba el río, y la ciudad había sido conquistada brillantemente, pero las montañas de más allá eran inexpugnables, y me alegró extraordinariamente el ver que los austriacos tenían el deseo de, una vez terminada la guerra, habitarla algún día, ya que si ellos la bom- bardeaban no era para destruirla, sino únicamente con fines estratégicos.\nLos habitantes continuaban en ella. Había hospitales y cafés, artillería en las calles apartadas, y dos prostíbulos: uno para la tropa y otro para los oficiales. Al final del verano, las noches frescas, los combates en las montañas de detrás de la ciudad, el puente del ferrocarril,    destruido   por las granadas, el derrumbado túnel al lado    del río; en donde hasta hacía poco se había combatido, los árboles alrededor de la plaza, la extensa avenida de árboles que conducía a ella, todo esto, sin hablar de las mujeres de la ciudad, del rey que pasaba en automóvil y al cual podía vérsele el rostro, su largo cuello y su barbilla gris, como una barba de chivo; además, la visión\n',4),(20,3,'imprevista del interior de las casas a las cuales el bombardeo había dejado, en su mayor parte, sin una de sus paredes, los cascotes y los escombros en los jardines y en las calles, las victoriosas operaciones en el Carso; estos hechos hacían de éste un otoño muy diferente del anterior, cuando vivíamos en el campo. La guerra también había cambiado.\nEl bosque de robles, en la montaña del otro lado de la ciudad, había desaparecido. Cuando llegamos a la ciudad, durante el verano, el bosque era frondoso, pero ahora parecía lleno de troncos destrozados y con la tierra llena de hoyos; al final del otoño, un día que me encontraba en el lugar donde aquél había existido, vi cómo una nube avanzaba por encima de la montaña. Iba a gran velocidad y el sol no tardó en volverse amarillo oscuro. Después todo apareció gris. El cielo quedó totalmente cubierto. De repente la nube descendió sobre la montaña y nos envolvió; era nieve.\nLa nieve cortaba el viento, cubrió la tierra y los troncos de los árboles se destacaron muy negros. También cubrió los cañones y pronto se formaron en la nieve pequeños caminos que conducían a las enramadas de detrás de las trincheras.\nMás tarde, hallándome en la ciudad, contemplaba la caída de la nieve desde una de las ventanas del prostíbulo, el destinado a los oficiales. Me encontraba allí con un amigo, dos vasos y una botella de Asti, y mientras veíamos cómo la nieve iba cayendo pesadamente, lentamente, comprendimos que por aquel año todo había terminado. Más allá de la ciudad, las montañas no habían sido ocupadas, así como tampoco las de nuestro lado del río. Para esto se esperaba el año siguiente. Mi amigo vio al capellán castrense que pasaba por la calle, caminando con gran precaución por el barro. Golpeó la ventana para llamar su atención. El capellán levantó la cabeza. Nos vio y sonrió. Mi amigo le invitó a entrar, pero el capellán movió la cabeza y se alejó.\nAquella noche, después de los spaghetti, que todos comían ávidamente y con gran ansiedad, elevándolos con el tenedor de manera que las puntas quedasen colgando y después, bajándolos hasta la boca, los aspiraban con una succión continua, mientras se vertían vino de la garrafa; ésta se balanceaba en un cesto de metal, y era suficiente hacer bajar el gollete con el índice para que el vino rojo, claro, tónico y delicioso se derramase en el vaso que sostenía la misma mano; después de los spaghetti, el capitán médico de segunda clase empezó a molestar al capellán.\nEl capellán era joven y enrojecía fácilmente. Llevaba un uniforme parecido al nuestro, pero con una cruz de terciopelo granate sobre el bolsillo izquierdo de su guerrera gris.\n',4),(21,4,'El capitán empezó a hablar lentamente y como un niño, para que yo comprendiese todo lo que decía y no me perdiese nada.\n-Capellán hoy con mujeres -dijo mirándonos a los dos.\nEl capellán sonrió y, enrojeciendo, negó con la cabeza. A menudo el médico le gastaba bromas.\n-¿No es cierto? -preguntó el médico-. Hoy yo ver capellán con mujeres.\n-No -dijo el capellán.\nLos oficiales se estaban divirtiendo con la broma.\n-Capellán no con mujeres -siguió el médico-. Capellán nunca con mujeres -me explicó.\nTomó mi vaso y mientras lo llenaba me miró a los ojos, pero sin perder de vista al capellán.\nEl capellán se tomó la conversación en broma.\nEl Papa desea que los austriacos obtengan la victoria -dijo el médico-. El quiere a Francisco José. Es de allí de donde le viene el dinero. Yo soy ateo.\n-¿Has leído alguna vez El cochino negro? -me preguntó el ayudante del capitán médico-. Ya te proporcionaré un ejemplar. Mi fe se tambaleó con esto.\n-Es una obra repugnante y vil -dijo el capellán-. No puedo creer que realmente le guste.\nDirigí una sonrisa al capellán, el cual, por encima del candelabro, me contestó con otra.\n-No lo lea -me dijo.\n-Te lo proporcionaré -repitió el ayudante.\n-Todos los pensadores son ateos -dijo el capitán-. Sin embargo, yo no creo en la francmasonería.\nAlguien entró y a través de la puerta vi como la nieve continuaba cayendo.\n-Ahora, con esta nevada, no habrá ofensiva -dije.\n-Sin duda alguna -dijo el médico-. Tendrías que salir con permiso. Ir a Roma, Nápoles, Sicilia...\n-Tendrías que visitar Amalfi -dijo el ayudante. Te daría cartas de presentación para mi familia, que está allí. Te recibirían como a su propio hijo.\n-También sería necesario ir a Palermo.\n-Me gustaría que fuese a ver a mi familia en los Abruzos, a Capracotta -dijo el capellán.\n',4),(22,5,'-¡Oídle cómo habla de sus Abruzos! Hay más nieve allí que aquí. El no tiene ganas de ver campesinos. Dejadlo ir a los centros de cultura y civilización.\n-Lo que le hace falta son mujeres bien guapas. Le daré direcciones de casas de Nápoles: mujeres bonitas, jóvenes... acompañadas de su madre. Ah, ah, ah!\nEl capitán médico extendió su mano con el pulgar hacia arriba y los dedos separados, como para hacer sombras chinescas. La sombra de su mano apareció en la pared.\n-Os vais como éste -y señalaba su pulgar- y volvéis así -y señaló su meñique. Todos se rieron.\n-Mirad -agregó, extendiendo nuevamente la mano, y otra vez la luz de la vela proyectó su sombra en la pared. Levantó el pulgar y empezó a enumerar, por orden, los cinco dedos: subteniente (el pulgar), tenente (el índice), capitán (el medio), comandante (el anular) y tenente coronel (el meñique)-. Te vas como subteniente y vuelves como tenente coronel.\nTodos se rieron. El médico estaba consiguiendo un gran éxito con el juego de sus dedos.\n-Debe partir en seguida dijo el capitán.\n-Me gustaría acompañarte para servirte de guía -dijo el ayudante.\n-Cuando vuelva traiga un fonógrafo.\n-Traiga buenos discos de ópera.\n-Traiga discos de Caruso.\n-No, de Caruso, no. Relincha.\n-¿No te gustaría relinchar como él?\n-Relincha, digo que relincha.\n-Me gustaría que usted fuera a los Abruzos -dijo el capellán-, y aunque haga frío, es un frío seco y claro. Podría vivir con mi familia. Mi padre es un gran cazador.\n-Venga -dijo el capitán médico-. Vamos al burdel antes de que cierren.\n-Buenas noches -dije al capellán.\n-Buenas noches -me contestó.\n\nCAPÍTULO III\n\nCuando regresé al frente todavía se hallaban en la ciudad. Toda la región que nos rodeaba estaba llena de cañones y la primavera había llegado. Los campos aparecían totalmente verdes y pequeños brotes salían de las viñas; los árboles, al\n',4),(23,6,'borde de los caminos, tenían pequeñas hojas y soplaba la brisa del mar. De nuevo miré la ciudad, su colina de montes y con las montañas de detrás, montañas pardas con las laderas manchadas de verde. En la ciudad había más cañones que antes y, también, más hospitales. Por las calles se encontraban ingleses, y a veces inglesas. Algunas casas habían sufrido recientes bombardeos. Hacia calor; se notaba la llegada de la primavera y continué andando por la avenida de árboles, sofocado por el resol; vi que continuábamos habitando la misma casa, y que nada, desde mi partida, había cambiado. La puerta estaba abierta; un soldado estaba sentado en un banco al sol. Una ambulancia esperaba delante de una puerta lateral y, al entrar, sentí olor a losas de mármol y a hospital. Todo estaba como antes de mi partida, salvo que ahora la primavera había llegado. Miré por la puerta de la gran sala y vi al capitán sentado delante de la mesa de su despacho. La ventana estaba abierta y el sol inundaba la habitación. El no me vio y yo no me decidía a entrar, para presentarme, o bien subir para arreglarme. Me decidí por subir.\nLa habitación que yo compartía con el ayudante Rinaldi daba al patio. La ventana estaba abierta. El cubrecama estaba encima de mi cama y todas mis cosas aparecían colgadas en la pared. La mascara de gases en su caja ovalada de hojalata, y el casco de acero colgado en el alzapaño. Mi baúl estaba al pie de la cama y sobre él mis botas de invierno, con el cuero reluciente de grasa. Mi fusil de tirador austriaco, con su cañón rayado y su magnífica culata de nogal, que tan bien se acoplaba a la mejilla, colgaba sobre las dos camas. Recordé que dentro del baúl tenía su periscopio. El ayudante Rinaldi dormía en la otra cama. Se despertó al oírme andar por la habitación y se levantó.\n-¡Ciao! -dijo-. ¿Te has divertido?\n-Extraordinariamente.\nNos estrecharnos la mano, y después, poniendo su brazo alrededor de mi cuello, me abrazó.\n-Bien -dije.\n-Vas sucio -dijo-. Lávate. ¿Dónde has estado? ¿Qué has hecho? Vamos, cuéntamelo todo.\n-He estado por todas partes. Milán, Florencia, Roma, Nápoles, Villa San Giovanni, Mesina, Taormina...\n-Hablas como una guía de ferrocarriles. ¿Has tenido buenas aventuras?\n-Sí.\n-¿Dónde?\n',4),(24,7,'-En Milán, Florencia, Roma, Nápoles...\n-Es suficiente. Dime, ¿cuál ha sido la mejor?\n-La de Milán.\n-Es porque era la primera. ¿Dónde la encontraste? ¿En la Cova? ¿Dónde fuiste?,¿Cómo te sentías? Dímelo, hombre. ¿Pasasteis la noche juntos?\n-Sí.\n-Esto no es gran cosa. Aquí, ahora, también tenemos mujeres muy bonitas que están en el frente por primera vez.\n-¡Magnífico!\n-¿No me crees? Ya te lo enseñaré esta noche. En la ciudad hay inglesas estupendas. De momento estoy enamorado de miss Barkley. Te la presentaré. Seguramente me casaré con ella.\n-Tengo que lavarme e ir a presentarme. ¿Hay trabajo?\n-Después de tu marcha sólo hemos tenido congelaciones, sabañones, ictericia, blenorragia, heridas intencionadas, neumonías, chancros blandos y duros. Cada semana nos traen heridos por pedazos de roca, al estallar las bombas en ella. No hay heridos graves.\nLa próxima semana volverá a empezar la guerra. Así lo dicen. ¿Crees que haría bien si me casase con miss Barkley...? Después de la guerra, naturalmente.\n-Sin duda alguna -le contesté, mientras echaba agua a la palangana.\n-Esta tarde me lo contarás todo -dijo Rinaldi-, ahora tengo que ir a dormir, ya que así estaré en condiciones para ver a miss Barkley.\nMe quité la guerrera y la camisa y me lavé con el agua fría de la palangana. Mientras me frotaba con la toalla observé minuciosamente la habitación, la ventana, a Rinaldi, que estaba en la cama con los ojos cerrados. Era un muchacho agradable, de mi edad y era de Amalfi. Adoraba su oficio de cirujano y nos apreciábamos mucho. Mientras lo estaba contemplando abrió los ojos.\n-¿Tienes dinero?\n-Si.\n-Préstame cincuenta liras.\nMe sequé las manos y cogí la cartera del bolsillo interior de mi guerrera colgada en la pared. Rinaldi tomó el billete, lo dobló, sin levantarse de la cama, y lo deslizó por el bolsillo de su calzón. Sonrió.\n-Tengo que dar a miss Barkley la impresión de que soy rico. Tú eres mi mejor amigo y mi protector financiero.\n',4),(25,8,'-Déjame en paz -le dije.\n\nAquella tarde, en la cantina, me senté al lado del capellán, el cual, al saber que no había estado en los Abruzos, se sintió súbitamente decepcionado. Había anunciado mi llegada a su padre y habían hecho grandes preparativos. Lo sentí tanto como él, y no comprendía por qué no había ido. No obstante, tuve la intención de hacerlo e intenté explicar alguno de mis motivos; finalmente, él se dio cuenta de que le estaba diciendo la verdad y todo se arregló. Con la lengua pastosa, ya que había bebido mucho vino, sin contar el café y el licor, le expliqué cómo algunas veces no llegamos a hacer lo que nos proponemos. No, estas cosas no se hacen nunca.\nMientras hablábamos, los otros discutían. Sí, yo me había propuesto ir a los Abruzos. No conocía ninguno de estos lugares en los que los caminos están helados y duros como el hierro; donde el frío es seco y la nieve finísima y también seca; donde el rastro de las liebres se puede ver en la nieve; donde los campesinos saludan levantando el sombrero y nos llaman señor, y donde la caza es abundante. En vez de estos lugares, yo solamente conocía el humo de los cafés, las noches en que la cabeza nos da vueltas y es necesario mirar un determinado punto de la pared, fijamente, para no seguir girando; las noches, en la cama, borracho, con la creencia de que no existe nada más que aquello, y la extraña sensación que produce el despertarse y no saber quién está a nuestro lado; y, en la oscuridad, el mundo irreal que nos rodea; esto se repite cada noche, es excitante, y uno lo hace con la convicción de que no existe nada más, nada más, y que todo nos es igual.\nInesperadamente, algún momento de interés, después el sueño y el despertar por la mañana con la sensación de que todo ha terminado; y todo es tan decisivo, tan duro, tan claro; y de vez en cuando alguna disputa por el precio. Otras veces el placer, la necesidad del amor, del calor; desayuno y comida. Algunas veces la ilusión desaparece, incluso falta la alegría suficiente para salir a la calle. Pero siempre, en perspectiva, un nuevo día y con él otra noche, y la noche siempre es mejor a menos de que el día sea claro y frío; pero no se lo pude explicar mejor, sólo igual que ahora, como yo me lo explico. Pero quien haya experimentado esta sensación lo comprenderá. Él no la había tenido nunca, pero comprendió que yo deseé ir a los Abruzos y también por qué no había ido. Quedamos buenos amigos, como antes, con gustos afines y con muchos otros completamente diferentes. El sabía desde tiempo lo que yo ignoraba y lo que en caso de saberlo podía olvidar fácilmente. ¡Pero esto entonces no lo sabía! ¡No lo he sabido hasta mucho más tarde! Y a pesar de\n',4),(26,9,'todo estábamos allí, en la cantina. La comida había terminado, pero la discusión continuaba. Nos callamos, pero el capitán empezó a vociferar de nuevo.\n-El capellán no feliz.\n-Lo soy -respondió el capellán.\n-El capellán no feliz. Quiere que los austriacos ganen la guerra -volvió a repetir el capitán. Los demás no decían nada. El capellán movió la\ncabeza.\n-No, -dijo. -El capellán no quiere que ataquemos. ¿Verdad que no quiere que ataquemos?\n-Si, ya que estamos en guerra creo que es necesario que lo hagamos.\n-¡Es necesario que ataquemos! Di, pues: ¡atacaremos! El capellán asintió con la cabeza.\n-Déjalo en paz -dijo el comandante-. Es un buen muchacho.\n-Si, él no puede hacer nada en este asunto -añadió el capitán. Y todos abandonaron la mesa.\n\nCAPÍTULO IV\n\nA la mañana siguiente me despertó el ruido de la batería que estaba en el jardín contiguo, y vi que la habitación se hallaba inundada por el sol; que entraba por la ventana. Me levanté y fui a mirar por ella. La arena de los senderos estaba mojada, y la hierba húmeda por el rocío. La batería disparó dos veces y cada una de ellas, por el desplazamiento del aire, hizo retemblar la ventana a la vez que la parte delantera de mi pijama se agitaba. No podía ver los cañones, pero estaba seguro de que disparaban justamente encima de nosotros. Era desagradable tenerlos tan cerca, y lo único que reconfortaba era pensar que no fuesen mayores. Mientras miraba el jardín oí ruido de un camión que se ponía en marcha. Me vestí, bajé, tomé una taza de café en la cocina y me dirigí al garaje.\nDebajo del cobertizo, y uno junto a otro, se alineaban diez coches. Eran ambulancias, de radiador chato y techo sólido, pintadas de gris y construidas como coches de mudanzas. En el patio, dos mecánicos estaban trabajando en una de ellas. Otras tres se hallaban en la montaña, en los puestos de socorro.\n-¿Han bombardeado alguna vez esta batería? -pregunté a uno de los mecánicos.\n-No, signor tenente. Está protegida por el ribazo.\n-¿Cómo van las cosas?\n',4),(27,10,'-No mal del todo. Esta máquina no vale nada, pero las otras todavía funcionan. Interrumpió su trabajo y sonrió.\n-¿Ha estado con permiso?\n-Sí.\nSe limpió las manos en su camisa y esbozó otra sonrisa.\n-¿Se ha divertido mucho? Todos rieron.\nMucho -contesté-. ¿Qué le sucede a ese coche?\n-Está inservible. Tiene una avería detrás de otra.\n-¿Y ahora qué le ocurre?\n-Hay que cambiar los aros de los pistones.\nLos dejé con su trabajo. El coche causaba una triste impresión con el motor desmontado y las piezas esparcidas sobre el banco de trabajo. Entré en el cobertizo para examinar los coches. Estaban relativamente limpios. Unos estaban recién lavados, otros polvorientos. Observé cuidadosamente los neumáticos, buscando hendiduras o algún corte hecho por las piedras. Todo parecía hallarse en buen estado. Era evidente que mi presencia allí no tenía gran importancia. Estaba convencido de que el estado de los coches, la problemática obtención de determinadas piezas, y el buen funcionamiento del servicio de evacuación, dependía de mí. Nuestro trabajo consistía en evacuar a los heridos y los enfermos de los puestos de socorro, transportarlos de las montañas a las estaciones de distribución y desde allí dirigirlos a los hospitales señalados en sus hojas de ruta. Pero ahora, según veía, mi presencia importaba poco.\n-¿Habéis tenido dificultades en el suministro de las piezas? -pregunté al sargento mecánico.\n-No, signar teniente.\n-¿Dónde está el depósito de gasolina?\n-En el mismo lugar.\n-Bien.\nAl regresar a casa tomé otra taza de café en la cantina. El café tenía un color gris pálido y la leche condensada le daba un sabor dulzón. Fuera, la mañana de primavera lucía con todo esplendor. Notaba una sequedad en la nariz indicadora de un día caluroso. Recorrí los puestos de socorro de las montañas, en plan de inspección, y no regresé hasta ya muy entrada la tarde.\n',4),(28,11,'Desde que yo faltaba, todo parecía ir mejor. Me enteré de que, nuevamente, la ofensiva iba a empezar. La división a la cual pertenecía debía atacar la parte alta del río y el comandante me encargó que organizase los puestos para el ataque. Era necesario cruzar el río por encima de la estrecha garganta y desplegarse, luego, por la ladera de la colina. Los coches tenían la orden de estacionarse lo más cerca posible del río, en las posiciones que estaban protegidas. Naturalmente, la elección pertenecía a la infantería, mientras que nosotros debíamos encargarnos de la ejecución. Era uno de esos casos en que se tiene la falsa convicción de tomar una parte activa en lo que se está preparando.\nQuedé sucio y cubierto de polvo y subí a mi habitación para lavarme. Rinaldi estaba sentado en su cama con un ejemplar de la Gramática inglesa de Hugo. Se había puesto las botas negras y sus cabellos brillaban.\n-Magnífico -dijo al verme-. Vendrás conmigo a ver a miss Barkley.\n-No.\n-Sí, debes hacerlo y causarle buena impresión.\n-De acuerdo. Espera un momento, que me cambiaré.\n-Lávate y ven tal como estás. Me lavé, peiné y salimos.\n-Un momento -dijo Rinaldi-, ¿beberemos una copa? Abrió su baúl y sacó una botella.\n-Strega, no -dije.\n-Es grappa.\n-Muy bien.\nLlenó dos vasos y brindamos con el índice levantado. La bebida era fuerte.\n-¿Otra?\n-Bueno.\nBebimos un segundo vaso. Rinaldi guardó la botella y nos marchamos. Daba calor caminar por la ciudad, pero el sol empezaba a bajar y la temperatura era más agradable. El hospital británico estaba instalado en una gran villa construida por los alemanes antes de la guerra. Miss Barkley estaba con otra enfermera en el jardín. A través de los árboles vimos sus uniformes y nos dirigimos hacia ellas. Rinaldi las saludó y yo también lo hice, pero con menos efusión.\n-¿Cómo está? -dijo miss Barkley-. Usted no es italiano, ¿verdad?\n-¡Oh! !no!\nRinaldi hablaba con la otra enfermera y reían',4);